rmse,rate,dim,rank,cons
0.975361472,0.0625,20,5,n
0.32827434,0.015625,40,5,n
0.20711209,0.006944444,60,5,n
2.467900446,0.0625,20,5,v
0.335313046,0.015625,40,5,v
0.209654031,0.006944444,60,5,v
2.860183849,0.0625,20,5,c
0.334217021,0.015625,40,5,c
0.208954448,0.006944444,60,5,c